Channel Name ,Calibration Equation
GENERIC,58.69299438396007*voltage+0.12049023712211593
